project_code,legacy_ocms_code
612786,N04000106
701107,N04000091
701121,N04000103
706724,N04000083
612194,N04000112
701101,N04000082
701105,N04000095
701126,N04000099
611047,N04000107
612787,N04000108
612788,N04000105
612789,N04000111
400010,N04000078
706718,N04000100
701127,N04000101
701128,N04000104
612793,N04000110
701113,N04000114
701122,N04000113
611495,N04000115
612791,N04000109
615820,N06000290
615821,N06000291
400144,N06000199
400149,N06000197
400354,N06000200
400424,60100093
613798,N06000123
613799,N06000135
613800,N06000232
613801,N06000164
615191,N06000274
616234,N06000045
400018,N06000275
400073,N06000245
400074,N06000246
400138,N06000238
400139,N06000237
400142,N06000193
400150,N06000216
400151,N06000218
400153,N06000243
400154,N06000242
400155,N06000247
400156,N06000217
400160,N06000087
400172,N06000169
400352,N06000240
400425,N06000098
611017,N06000194
611864,N06000273
613808,N06000096
615349,N06000241
615822,N06000239
615843,N06000186
616225,N06000280
616236,N06000295
616253,N06000287
400148,N06000148
400152,N06000233
400162,N06000184
400321,N06000196
613802,N06000125
613803,N06000166
613804,N06000250
615185,N06000257
615187,N06000260
615194,N06000265
615195,N06000266
615206,N06000183
400033,N06000254
400177,N06000132
400178,N06000222
400353,N06000209
615184,N06000251
615186,N06000206
615188,N06000255
615189,N06000253
615190,N06000252
615192,N06000264
615199,N06000267
615330,N06000282
615914,N06000205
615916,N06000271
615917,N06000278
615918,N06000256
615919,N06000283
615982,N06000154
616044,N06000179
616050,N06000226
616223,N06000219
616229,N06000284
617233,N06000293
617278,N06000294
400313,N06000163
400369,N06000192
615183,N06000208
400165,N06000249
400166,N06000113
400183,N06000230
400185,N06000229
400187,N06000167
400392,N06000171
615193,N06000112
615857,N06000203
616226,N06000289
616231,N06000286
616232,N06000285
616233,N06000288
615818,N06000259
615858,N06000213
615860,N06000202
615861,N06000211
615862,N06000258
615863,N06000204
615865,N06000214
400173,N06000236
400180,N06000244
400181,N06000170
400182,N06000165
400186,N06000276
400312,N06000223
400315,N06000220
611016,N06000195
612816,N06000272
613793,N06000191
613794,N06000277
616230,N06000281
617299,N06000292
400231,N06000270
612819,N06000269
615327,N06000279
400259,N06000152
603293,N18000367
602182,N18000362
602579,N18000194
611930,N18000381
709747,N18000297
602582,N18000291
602593,N18000279
611586,N18000344
602525,N18000172
602532,N18000278
602535,N18000324
605155,N18000363
400261,N18000275
602096,180100221
602961,N18000364
602181,N18000325
605156,N18000326
612142,N18000382
602185,N18000014
602193,N18000010
602195,N18000042
602184,N18000178
611967,N18000380
612856,N18000395
617183,N18000416
612139,N18000384
612151,N18000383
612855,N18000390
615342,N18000398
615343,N18000402
615345,N18000400
617069,N18000411
617182,N18000412
617272,N18000420
617179,N18000417
612140,N18000385
616672,N18000409
617068,N18000410
617184,N18000419
615344,N18000399
615346,N18000392
611966,N18000377
617185,N18000413
900808,N18000352
602223,N18000249
607709,N18000250
617271,N18000421
617270,N18000422
400005,N18000337
611735,N18000378
612132,N18000389
615347,N18000405
615339,N18000403
615340,N18000404
612138,N18000388
615333,N18000393
615334,N18000394
617186,N18000414
612133,N18000387
616670,N18000407
611947,N18000379
611948,N18000374
611949,N18000375
611951,N18000373
612134,N18000386
615332,N18000391
615335,N18000397
615337,N18000396
615338,N18000401
617181,N18000415
616671,N18000408
617269,N18000423
702627,N28000148
702632,N28000135
702630,N28000138
702631,N28000137
702639,N28000122
702635,N28000058
702665,N28000151
702664,N28000158
702625,N28000124
702626,N28000125
617225,N28000157
617226,N28000160
702637,N28000086
702658,N28000155
702633,N28000134
702628,N28000144
702629,N28000145
617280,N10000015
709830,N10000012
709831,N10000013
709832,N10000014
612885,N42000001
602099,N42000008
612894,N42000011
602098,N28000130
606431,N28000140
610315,N28000126
605292,N28000142
609736,N44000002
609019,N28000146
616235,N16000538
709754,N16000484
709755,N16000494
604833,N16000503
701343,N16000388
701349,N16000394
400078,N16000435
400301,N16000234
701263,N16000513
709759,N16000512
400043,N16000455
400077,N16000438
400035,N16000495
604852,N16000506
400120,N16000247
709752,N16000432
709766,N16000485
604791,N16000379
604863,N16000331
607701,N16000414
616858,N16000450
709776,N16000441
709779,N16000457
709847,N16000528
709850,N16000532
709864,N16000511
709865,N16000510
701324,N16000386
709777,N16000453
709792,N16000524
709793,N16000523
400087,N16000431
400167,N16000279
400169,N16000428
701329,N16000409
709778,N16000454
709838,N16000444
709840,N16000477
709841,N16000483
709842,N16000481
709845,N16000514
604853,N16000375
611917,N16000458
701289,N16000412
709773,N16000527
610984,N16000445
709785,N16000480
612790,N16000509
616879,N16000536
709774,N16000437
709799,N16000530
709798,N16000518
400168,N16000430
616933,N16000540
709760,N16000534
709771,N16000487
709780,N16000504
709782,N16000456
709797,N16000519
709846,N16000515
616254,N16000539
701346,N16000439
701350,N16000449
709757,N16000497
701354,N16000398
612853,N16000531
701228,N16000285
701344,N16000391
709794,N16000520
709786,N16000529
604859,N16000396
400119,N16000213
709839,N16000470
709848,N16000526
709849,N16000533
709851,N16000537
400171,N16000402
709770,N16000488
604795,N16000434
709796,N16000521
709781,N16000505
709795,N16000525
617302,N16000275
709753,N16000478
709758,N16000498
709772,N16000491
709791,N16000522
701167,N28000150
701171,N21000031
612188,N21000033
701565,N25000072
617243,N12000137
617255,N12000131
617256,N12000134
706811,N12000124
709826,N12000127
709827,N12000130
400174,N12000095
617249,N12000142
617250,N12000143
617253,N12000129
617254,N12000135
617257,N12000133
400121,N12000136
612781,N12000132
617242,N12000138
617246,N12000139
617248,N12000141
617251,N12000140
400298,N22000286
611752,N22000585
705436,220100265
705633,N22000368
705648,N22000369
705572,N22000388
705364,220100257
705366,220100303
705368,N22000177
705373,N22000476
705450,N22000207
705526,N22000329
705527,N22000472
705528,N22000473
706759,N22000350
400220,N22000489
400291,N22000318
602792,N22000572
705433,N22000602
706854,N22000580
709815,N22000574
709816,N22000575
709817,N22000576
709818,N22000577
709819,N22000579
611943,N22000550
611945,N22000538
611970,N22000540
611971,N22000541
612072,N22000532
705458,N22000142
706757,N22000622
706763,N22000535
709812,N22000539
709813,N22000551
611884,N22000604
705765,N22000611
705785,N22000508
400023,N22000558
703585,N22000543
705490,N22000299
705492,N22000486
705495,N22000258
705496,N22000256
705663,N22000621
705761,N22000559
706835,N22000557
705638,N22000620
705639,N22000619
705480,220100232
705659,N22000554
705660,N22000351
705661,N22000416
705763,N22000601
705933,N22000536
400019,N22000514
400271,N22000231
705356,220100181
705357,N22000615
705479,N22000480
705498,N22000233
705500,N22000250
705502,N22000356
705503,N22000359
705504,N22000360
705505,N22000362
705506,N22000361
705735,N22000513
705799,N22000629
706779,N22000092
706780,N22000627
705391,220100288
705491,N22000308
705494,N22000279
705610,N22000587
400253,N22000409
705512,N22000377
400275,N22000085
705612,N22000261
705632,N22000586
705401,N22000208
705392,N22000124
705375,220100305
705385,N22000219
705562,N22000134
705617,N22000420
705511,N22000376
705616,N22000484
705728,N22000463
705650,N22000297
705237,N22000464
705453,N22000139
705454,N22000138
611452,N22000434
400022,N22000592
705424,N22000467
611861,N22000606
705428,N22000273
705628,N22000396
705668,N22000595
705662,N22000333
703586,N22000542
705457,N22000120
705507,N22000358
705419,N22000148
705481,220100314
705667,N22000501
705598,N22000496
705608,N22000495
705613,N22000367
705629,N22000506
400223,N22000626
705432,N22000102
602797,N22000631
400232,N22000521
705358,220100284
705359,220100328
705510,N22000316
705513,N22000379
705514,N22000380
705515,N22000381
705741,N22000517
705742,N22000516
709811,N22000520
705362,N22000181
705783,N22000584
611849,N22000608
705482,N22000158
705752,N22000593
705919,N22000553
706866,N22000607
400280,N22000028
705437,N22000032
400204,N22000569
400205,N22000565
705567,N22000468
705588,N22000583
705766,N22000546
705772,N22000544
705774,N22000562
705780,N22000598
705782,N22000590
705918,N22000545
705429,N22000406
400247,N22000624
400273,220100272
400277,N22000110
612096,N22000206
705730,N22000111
706776,N22000108
706777,N22000109
617907,N24001953
617949,N24002145
617984,N24000989
617985,N24000983
617986,N24001537
617990,N24002025
617991,N24001278
618037,N24001934
618062,N24002147
618145,N24001263
618161,N24001416
618191,N24001951
618192,N24001942
618194,N24000937
618237,N24000969
618238,N24000964
618254,N24002148
618255,N24002142
618256,N24001958
618257,N24001957
618258,N24001956
618259,N24001386
618475,N24001985
618476,N24001821
618527,N24001301
618700,N24001824
618712,N24001841
618713,N24001846
618714,N24001845
618715,N24001844
618716,N24001843
618717,N24001842
618719,N24001848
618720,N24001847
618721,N24002123
618748,N24001476
618749,N24001477
618759,N24001849
618777,N24001986
618778,N24001823
618803,N24001856
618804,N24000811
618807,N24001979
618826,N24001980
618827,N24001983
618919,N24001984
619111,N24001837
619112,N24001836
619123,N24002122
619124,N24002124
619125,N24002126
619126,N24002125
619140,N24001981
619141,N24002033
617892,N24001297
618033,N24001375
618402,N24002222
618403,N24002223
618405,N24002224
618432,N24001390
618433,N24001393
618434,N24000946
617895,N24001840
617896,N24002237
618034,N24002238
618282,N24002023
618283,N24002022
618284,N24002021
618285,N24001368
618286,N24001434
618287,N24002229
618288,N24002225
618289,N24001246
618308,N24002154
618310,N24002231
618311,N24002230
618312,N24002243
618314,N24002128
618315,N24002127
618326,N24001450
618331,N24002226
618340,N24001419
618351,N24001971
618352,N24001970
618354,N24002130
618371,N24001831
618372,N24001544
618373,N24001326
618435,N24000438
618436,N24000431
618437,N24000583
618438,N24000582
618439,N24000319
618440,N24000320
618454,N24002030
618575,N24001548
618576,N24001545
619057,N24002129
619089,N24001547
617897,N24001879
617958,N24001876
617959,N24001875
617961,N24000579
617966,N24000382
617969,N24002193
618005,N24001647
618006,N24001590
618007,N24001792
618073,N24002197
618074,N24001870
618080,N24002198
618121,N24001878
618146,N24001323
618228,N24001201
618234,N24000943
618246,N24001877
618250,N24002194
618569,N24002063
618570,N24001702
618571,N24002064
618738,N24002062
618739,N24002065
618740,N24002066
618741,N24001697
618774,N24001712
618779,N24001795
618839,N24000696
618840,N24000480
618841,N24001699
618861,N24001709
618902,N24000723
618903,N24000665
618904,N24000187
618915,N24001304
618916,N24001305
618953,N24001371
618955,N24000813
619152,N24000507
617919,N24001227
617973,N24001228
618064,N24001917
618078,N24001919
618589,N24002045
618590,N24002046
618639,N24001611
618673,N24001593
618674,N24001588
618675,N24002017
618849,N24001809
618509,N24001777
618578,N24001773
619090,N24001781
617942,N24002181
617906,N24002118
617928,N24002183
617976,N24002182
618108,N24002014
618459,N24001515
618460,N24001519
618461,N24001518
618462,N24001520
618463,N24000834
618465,N24001789
618501,N24001443
618502,N24001444
618503,N24001445
618504,N24001446
618614,N24001790
618615,N24001794
618787,N24001785
618833,N24000592
618834,N24001827
619087,N24002035
619146,N24000569
619147,N24001793
618484,N24001633
618485,N24001634
618580,N24001535
618788,N24002043
618792,N24002042
618936,N24001635
619132,N24001774
618050,N24001422
618216,N24001915
618217,N24001916
618230,N24001470
618231,N24001447
618850,N24000613
618852,N24001810
618878,N24002050
618888,N24002052
618889,N24001808
618890,N24002051
618921,N24002049
619003,N24000852
619153,N24001812
618202,N24002185
618203,N24002179
618204,N24001999
618205,N24001998
618220,N24001897
618221,N24002180
618222,N24002119
618223,N24001901
618225,N24001899
618226,N24001898
618394,N24001264
618395,N24001394
618398,N24001266
618399,N24001395
618400,N24001341
618406,N24000868
618494,N24001552
618495,N24002061
618496,N24001550
618497,N24002060
618541,N24001511
618543,N24001627
618544,N24001622
618545,N24001621
618546,N24001620
618547,N24002059
618548,N24000717
618549,N24001926
618550,N24001619
619038,N24001396
618060,N24001923
618084,N24001922
618123,N24001925
618642,N24001595
618644,N24001854
618645,N24002056
618830,N24002054
618946,N24002057
618947,N24001596
618949,N24002055
617935,N24001938
617954,N24001937
617955,N24002012
617998,N24000979
618029,N24001941
618030,N24001940
618031,N24002011
618087,N24001944
618109,N24001948
618144,N24001281
618517,N24001994
618630,N24001676
618702,N24001425
618709,N24001989
618799,N24001599
618887,N24001687
618896,N24001680
619071,N24001681
619072,N24001674
619096,N24000462
619138,N24001682
618070,N24001369
618595,N24001664
618596,N24001660
618597,N24001661
618598,N24001652
618599,N24001658
618600,N24001659
618601,N24001655
618602,N24001656
618603,N24001653
618604,N24001648
618605,N24001651
618606,N24001649
618607,N24001657
618708,N24002074
619098,N24000784
618409,N24001345
618410,N24001344
617911,N24000513
617915,N24002019
618019,N24001964
618020,N24001965
618045,N24001962
618068,N24002020
618085,N24001963
618621,N24002070
618622,N24001767
618654,N24001967
618663,N24002077
618664,N24001614
618665,N24001615
618687,N24002068
618694,N24001766
618695,N24001762
618701,N24002067
618735,N24001759
618751,N24001921
617917,N24001883
617932,N24001882
617933,N24002174
617934,N24001112
617944,N24001132
617946,N24000584
617947,N24000585
617948,N24001134
617965,N24001904
618042,N24002170
618046,N24001902
618059,N24002175
618065,N24002169
618089,N24001903
618090,N24001002
618094,N24001106
618097,N24001057
618098,N24001908
618152,N24002132
618172,N24001122
618173,N24001123
618175,N24001884
618177,N24001060
618180,N24001082
618181,N24002177
618188,N24002173
618198,N24001107
618199,N24002178
618468,N24001504
618469,N24001506
618470,N24001507
618471,N24001521
618472,N24001508
618473,N24001608
618512,N24001486
618513,N24001546
618514,N24001493
618555,N24000442
618557,N24002071
618588,N24001798
618594,N24001609
618693,N24000656
618836,N24001834
618837,N24001835
618937,N24001799
619042,N24001907
619095,N24001607
619149,N24001495
619163,N24001502
618298,N24001400
618300,N24001274
618302,N24001332
618303,N24001331
618304,N24002227
618305,N24002202
618306,N24002242
618338,N24002244
618346,N24001270
618347,N24001269
618355,N24001403
618356,N24001354
618357,N24001436
618358,N24001437
618387,N24002131
618388,N24001974
618389,N24001473
618415,N24001350
618416,N24001349
617885,N24001441
618076,N24002239
618295,N24002233
618374,N24001335
618375,N24001334
618376,N24001314
618377,N24001313
618362,N24001358
618363,N24001359
618379,N24000861
618380,N24000857
618381,N24000863
618382,N24000864
618383,N24000865
618384,N24000862
618452,N24002204
619010,N24002027
618681,N24001838
618477,N24001720
618634,N24001819
618771,N24001820
618772,N24001988
618747,N24001484
618359,N24002155
618531,N24001703
618532,N24001700
618951,N24001589
618952,N24000714
619078,N24000726
618530,N24000182
618676,N24001669
619064,N24001786
619122,N24001771
618942,N24001677
618637,N24001804
618486,N24001632
618760,N24001638
618935,N24002044
619134,N24002098
618505,N24002058
618723,N24002040
619068,N24002048
619066,N24001551
618828,N24002053
618533,N24000515
618909,N24000788
618515,N24001679
618516,N24001598
618519,N24001968
618581,N24001693
618632,N24001626
618938,N24001796
618845,N24001429
618847,N24001431
618711,N24001629
618928,N24002093
618969,N24001628
617886,N24001465
618002,N24001418
618072,N24001466
618290,N24001258
618291,N24001257
618292,N24001255
618293,N24001288
618296,N24001287
618297,N24001282
618364,N24001976
618365,N24001978
618366,N24001977
618413,N24001912
618414,N24001406
618422,N24001438
618423,N24000763
619059,N24000765
617899,N24002136
617904,N24001862
617905,N24001865
618820,N24002079
618821,N24002080
618908,N24002081
618913,N24000739
619109,N24001668
619118,N24000619
619119,N24000715
619157,N24000734
619158,N24000733
618023,N24001961
618024,N24001960
618487,N24001415
618489,N24001417
618492,N24001420
618493,N24002102
618552,N24001637
618610,N24002075
618617,N24001640
618618,N24002076
618647,N24002091
618764,N24001639
618785,N24001630
618789,N24001631
618794,N24001644
618795,N24001642
618809,N24002101
618810,N24002100
618906,N24001643
617887,N24001411
617891,N24001866
617900,N24001530
617901,N24001528
618011,N24001527
618069,N24002167
618092,N24002168
618093,N24001927
618118,N24001867
618200,N24001928
618456,N24001568
618457,N24001567
618458,N24001612
618612,N24001563
618613,N24001564
618796,N24000795
618838,N24001558
619063,N24001557
618071,N24001442
618446,N24001337
618447,N24001362
618448,N24001338
618449,N24001336
618450,N24001327
617962,N24002165
618478,N24001718
618479,N24001717
618481,N24001719
618521,N24001723
618563,N24001606
618608,N24002113
618635,N24001818
618744,N24002084
618745,N24002114
618756,N24001605
618800,N24002109
618801,N24002110
618894,N24001602
618895,N24001601
618897,N24000708
619094,N24001694
619129,N24001721
619130,N24002111
619131,N24000826
617913,N24000987
617936,N24000981
617980,N24000994
617982,N24000988
618025,N24000997
618026,N24000996
618104,N24002007
618105,N24002010
618106,N24002009
618186,N24002003
618190,N24002005
618196,N24002008
618197,N24002001
618558,N24001555
618559,N24001556
618560,N24002082
618746,N24001482
618765,N24002083
618945,N24001522
619128,N24001483
618350,N24002205
618367,N24002228
618368,N24002162
618369,N24002161
618370,N24002160
618385,N24002159
618411,N24001914
617957,N24002120
617963,N24002211
617964,N24002199
618008,N24001730
618009,N24000331
618054,N24002150
618229,N24001462
618233,N24001421
618240,N24001461
618243,N24002245
618244,N24002235
618249,N24002234
618252,N24002201
618263,N24002213
618265,N24001457
618266,N24001471
618498,N24001731
618499,N24001745
618500,N24001772
618529,N24001826
618537,N24002104
618553,N24001852
618554,N24001853
618565,N24002097
618566,N24002096
618689,N24001746
618710,N24001830
618722,N24002036
618761,N24001754
618770,N24001729
618798,N24002095
618854,N24001306
618855,N24001727
618856,N24002094
618859,N24001732
618864,N24001851
618883,N24002086
618884,N24002087
618885,N24002089
618911,N24002090
618925,N24001738
618959,N24002106
618960,N24002105
618968,N24001735
618970,N24001734
619162,N24001753
619168,N24001733
617929,N24000781
617968,N24000779
617970,N24000775
617975,N24000820
618390,N24000855
618391,N24002164
618392,N24002206
618393,N24002163
619155,N24001526
617960,N24000874
618227,N24001850
618427,N24001261
618429,N24001262
618430,N24001251
618431,N24001252
618825,N24001750
618910,N24001749
709859,N28000115
709749,N26000114
709856,N26000116
709857,N26000117
616600,N30000027
616611,N30000051
616612,N30000050
616615,N30000026
616616,N30000035
616604,N30000042
701415,N30000002
400141,N10000010
400299,N10000016
701173,N21000032
706860,N22000524
612815,N22000573
705583,N22000281
706837,N22000529
705635,N22000399
705764,N22000503
705771,N22000563
705777,N22000564
618412,N24001256
618353,N24001969
618407,N24001543
618408,N24001348
617921,N24001858
617924,N24001860
617925,N24001861
617930,N24001859
618012,N24002135
618523,N24000738
618677,N24001667
618678,N24001678
618680,N24001665
617940,N24002004
618055,N24002016
618056,N24002121
618057,N24001997
618063,N24001587
618066,N24002214
618075,N24002031
618081,N24002115
618082,N24001479
618110,N24001469
618111,N24002015
618112,N24002240
618113,N24002241
618124,N24002116
705410,220100188
618418,N24001474
618419,N24002158
618420,N24002157
618421,N24002156
NMCG1,616612
